Datetime,Water Level (m)
2025-12-14 06:00:00,-0.559966
2025-12-14 07:00:00,-0.34820536
2025-12-14 08:00:00,-0.06643189
2025-12-14 09:00:00,0.16973421
2025-12-14 10:00:00,0.31435785
2025-12-14 11:00:00,0.36145234
2025-12-14 12:00:00,0.3013312
2025-12-14 13:00:00,0.15624866
2025-12-14 14:00:00,-0.04093351
2025-12-14 15:00:00,-0.23994888
2025-12-14 16:00:00,-0.3868512
2025-12-14 17:00:00,-0.45906317
2025-12-14 18:00:00,-0.4404914
2025-12-14 19:00:00,-0.3425218
2025-12-14 20:00:00,-0.18270518
2025-12-14 21:00:00,-0.013379719
2025-12-14 22:00:00,0.114514425
2025-12-14 23:00:00,0.17588563
2025-12-15 00:00:00,0.15140592
2025-12-15 01:00:00,0.008116052
2025-12-15 02:00:00,-0.21312477
2025-12-15 03:00:00,-0.45620722
2025-12-15 04:00:00,-0.6459334
2025-12-15 05:00:00,-0.7350542
2025-12-15 06:00:00,-0.6946124
2025-12-15 07:00:00,-0.5355161
2025-12-15 08:00:00,-0.2854817
2025-12-15 09:00:00,-0.007352226
2025-12-15 10:00:00,0.21779527
2025-12-15 11:00:00,0.3621515
2025-12-15 12:00:00,0.4094877
2025-12-15 13:00:00,0.36281845
2025-12-15 14:00:00,0.19778515
2025-12-15 15:00:00,-0.031590465
2025-12-15 16:00:00,-0.27498153
2025-12-15 17:00:00,-0.45840064
2025-12-15 18:00:00,-0.55806047
2025-12-15 19:00:00,-0.5364335
2025-12-15 20:00:00,-0.4020492
2025-12-15 21:00:00,-0.19570357
2025-12-15 22:00:00,-0.0031498873
2025-12-15 23:00:00,0.13436039
2025-12-16 00:00:00,0.18116339
2025-12-16 01:00:00,0.12399855
2025-12-16 02:00:00,-0.046341624
2025-12-16 03:00:00,-0.2841966
2025-12-16 04:00:00,-0.53709745
2025-12-16 05:00:00,-0.71523196
2025-12-16 06:00:00,-0.7856758
2025-12-16 07:00:00,-0.7135911
2025-12-16 08:00:00,-0.5109727
2025-12-16 09:00:00,-0.22002983
2025-12-16 10:00:00,0.07607034
2025-12-16 11:00:00,0.31046182
2025-12-16 12:00:00,0.45308515
2025-12-16 13:00:00,0.49139264
2025-12-16 14:00:00,0.38877854
2025-12-16 15:00:00,0.17241627
2025-12-16 16:00:00,-0.104907036
2025-12-16 17:00:00,-0.3787581
2025-12-16 18:00:00,-0.5836114
2025-12-16 19:00:00,-0.65858096
2025-12-16 20:00:00,-0.60701954
2025-12-16 21:00:00,-0.43883964
2025-12-16 22:00:00,-0.20677644
2025-12-16 23:00:00,0.0104639055
2025-12-17 00:00:00,0.14920628
2025-12-17 01:00:00,0.17467463
2025-12-17 02:00:00,0.077916995
2025-12-17 03:00:00,-0.13421741
2025-12-17 04:00:00,-0.40062043
2025-12-17 05:00:00,-0.651596
2025-12-17 06:00:00,-0.8258575
2025-12-17 07:00:00,-0.85958
2025-12-17 08:00:00,-0.73030293
2025-12-17 09:00:00,-0.4783022
2025-12-17 10:00:00,-0.14903033
2025-12-17 11:00:00,0.16916269
2025-12-17 12:00:00,0.41541025
2025-12-17 13:00:00,0.54477227
2025-12-17 14:00:00,0.53452814
2025-12-17 15:00:00,0.3643663
2025-12-17 16:00:00,0.09668783
2025-12-17 17:00:00,-0.23225383
2025-12-17 18:00:00,-0.52455825
2025-12-17 19:00:00,-0.72224444
2025-12-17 20:00:00,-0.76228654
2025-12-17 21:00:00,-0.6561632
2025-12-17 22:00:00,-0.42806917
2025-12-17 23:00:00,-0.15858766
2025-12-18 00:00:00,0.074130684
2025-12-18 01:00:00,0.19081873
2025-12-18 02:00:00,0.16777225
2025-12-18 03:00:00,0.024606014
2025-12-18 04:00:00,-0.22787167
2025-12-18 05:00:00,-0.51524186
2025-12-18 06:00:00,-0.7824539
2025-12-18 07:00:00,-0.918115
2025-12-18 08:00:00,-0.8846881
2025-12-18 09:00:00,-0.7006946
2025-12-18 10:00:00,-0.38878068
2025-12-18 11:00:00,-0.019911641
2025-12-18 12:00:00,0.3167525
2025-12-18 13:00:00,0.54728496
2025-12-18 14:00:00,0.63778234
2025-12-18 15:00:00,0.5530765
2025-12-18 16:00:00,0.31938392
2025-12-18 17:00:00,-0.027808664
2025-12-18 18:00:00,-0.38796717
2025-12-18 19:00:00,-0.6887864
2025-12-18 20:00:00,-0.8363474
2025-12-18 21:00:00,-0.8078134
2025-12-18 22:00:00,-0.6282661
2025-12-18 23:00:00,-0.3349819
2025-12-19 00:00:00,-0.04400483
2025-12-19 01:00:00,0.17028064
2025-12-19 02:00:00,0.2398832
2025-12-19 03:00:00,0.16856134
2025-12-19 04:00:00,-0.036146123
2025-12-19 05:00:00,-0.33264008
2025-12-19 06:00:00,-0.6398732
2025-12-19 07:00:00,-0.88058954
2025-12-19 08:00:00,-0.96056885
2025-12-19 09:00:00,-0.8669497
2025-12-19 10:00:00,-0.61352646
2025-12-19 11:00:00,-0.24355404
2025-12-19 12:00:00,0.15481561
2025-12-19 13:00:00,0.49751538
2025-12-19 14:00:00,0.68464106
2025-12-19 15:00:00,0.70166224
2025-12-19 16:00:00,0.53159857
2025-12-19 17:00:00,0.22056976
2025-12-19 18:00:00,-0.17525637
2025-12-19 19:00:00,-0.5515073
2025-12-19 20:00:00,-0.8090141
2025-12-19 21:00:00,-0.8886581
2025-12-19 22:00:00,-0.79634696
2025-12-19 23:00:00,-0.5395749
2025-12-20 00:00:00,-0.20897576
2025-12-20 01:00:00,0.08562505
2025-12-20 02:00:00,0.24891874
2025-12-20 03:00:00,0.27085447
2025-12-20 04:00:00,0.130209
2025-12-20 05:00:00,-0.14045165
2025-12-20 06:00:00,-0.46295172
